{"cameraMode":{"drawMode":0,"name":"Shaded","section":"Shading Mode"},"sceneLighting":false,"audioPlay":false,"sceneViewState":{"m_AlwaysRefresh":false,"showFog":true,"showSkybox":false,"showFlares":true,"showImageEffects":true,"showParticleSystems":true,"showVisualEffectGraphs":true,"m_FxEnabled":true},"in2DMode":false,"pivot":{"x":21.280000686645509,"y":6.949999809265137,"z":2.9429397583007814},"rotation":{"x":0.08838646858930588,"y":0.0014870186569169164,"z":-0.00018663493392523378,"w":0.9961091876029968},"size":8.385254859924317,"orthographic":false}