{"cameraMode":{"drawMode":0,"name":"Shaded","section":"Shading Mode"},"sceneLighting":true,"audioPlay":false,"sceneViewState":{"m_AlwaysRefresh":false,"showFog":true,"showSkybox":true,"showFlares":true,"showImageEffects":true,"showParticleSystems":true,"showVisualEffectGraphs":true,"m_FxEnabled":true},"in2DMode":false,"pivot":{"x":36.787864685058597,"y":1.9900001287460328,"z":6.380000114440918},"rotation":{"x":0.013426464051008225,"y":-0.9569419026374817,"z":0.2866061329841614,"w":0.044810470193624499},"size":26.414194107055665,"orthographic":false}